,Size,True proba,EMV,Calibrated
0,2,0.3,0.0,0.16666666666666666
1,3,0.3,0.3333333333333333,0.375
2,5,0.3,0.2,0.25
3,10,0.3,0.1,0.13636363636363635
4,25,0.3,0.36,0.36538461538461536
5,50,0.3,0.34,0.3431372549019608
